ID,Name,Age,Class
16100,Liam,12,7
16101,Bob,10,5
16102,Tom,13,8
16103,Peter,14,9
16104,Tom,12,7
16105,Tom,11,6
16106,Peter,9,4
16107,Hannah,9,4
16108,Kelly,15,10
16109,Quinn,16,11
16110,Ian,12,7
16111,Tom,14,9
16112,Quinn,16,11
16113,Hannah,15,10
16114,Bob,13,8
16115,Ryan,12,7
16116,Bob,8,3
16117,Alice,16,11
16118,Peter,12,7
16119,Emma,13,8
16120,Ian,16,11
16121,Kelly,8,3
16122,Ryan,13,8
16123,Ian,11,6
16124,George,13,8
16125,Bob,9,4
16126,Hannah,10,5
16127,Tom,12,7
16128,Hannah,8,3
16129,Sophia,11,6
16130,Bob,11,6
16131,Peter,8,3
16132,Mia,15,10
16133,Tom,15,10
16134,Ian,6,1
16135,Olivia,8,3
16136,David,14,9
16137,Alice,9,4
16138,Fiona,6,1
16139,Tom,8,3
16140,Bob,8,3
16141,Quinn,8,3
16142,Quinn,11,6
16143,David,16,11
16144,Emma,8,3
16145,Quinn,9,4
16146,Peter,11,6
16147,Alice,9,4
16148,Ian,15,10
16149,Kelly,10,5
16150,Olivia,9,4
16151,Alice,8,3
16152,Sophia,11,6
16153,Hannah,8,3
16154,Sophia,8,3
16155,Jack,13,8
16156,Mia,8,3
16157,Alice,13,8
16158,Ian,9,4
16159,Quinn,11,6
16160,Jack,10,5
16161,Sophia,16,11
16162,Ryan,15,10
16163,George,16,11
16164,Jack,7,2
16165,Liam,9,4
16166,Hannah,12,7
16167,Bob,15,10
16168,Bob,15,10
16169,Sophia,10,5
16170,Bob,13,8
16171,Kelly,13,8
16172,Jack,10,5
16173,Kelly,11,6
16174,David,16,11
16175,David,14,9
16176,Ryan,14,9
16177,Nathan,7,2
16178,Tom,15,10
16179,Kelly,15,10
16180,Peter,6,1
16181,Nathan,14,9
16182,Quinn,12,7
16183,Tom,9,4
16184,Mia,12,7
16185,Alice,14,9
16186,Alice,6,1
16187,Peter,16,11
16188,Fiona,10,5
16189,George,9,4
16190,Ian,6,1
16191,Tom,10,5
16192,Bob,7,2
16193,David,9,4
16194,Charlie,12,7
16195,Ryan,13,8
16196,Sophia,9,4
16197,Fiona,13,8
16198,Bob,14,9
16199,Kelly,14,9
16200,Ian,8,3
16201,Alice,12,7
16202,Charlie,8,3
16203,Liam,14,9
16204,Charlie,9,4
16205,Mia,11,6
16206,Sophia,15,10
16207,George,7,2
16208,Fiona,12,7
16209,Charlie,6,1
16210,Liam,8,3
16211,Nathan,6,1
16212,Kelly,10,5
16213,Sophia,13,8
16214,Alice,13,8
16215,Peter,6,1
16216,Mia,13,8
16217,Alice,6,1
16218,Ian,12,7
16219,Ian,7,2
16220,Fiona,7,2
16221,Sophia,13,8
16222,Fiona,15,10
16223,Tom,6,1
16224,David,8,3
16225,Charlie,13,8
16226,Alice,9,4
16227,Fiona,12,7
16228,Ian,10,5
16229,Tom,12,7
16230,Alice,6,1
16231,George,7,2
16232,Tom,6,1
16233,Tom,8,3
16234,Ian,14,9
16235,George,13,8
16236,Jack,12,7
16237,Tom,14,9
16238,Liam,16,11
16239,Nathan,11,6
16240,Sophia,9,4
16241,Ian,12,7
16242,Jack,14,9
16243,Peter,12,7
16244,Liam,11,6
16245,Nathan,9,4
16246,Olivia,14,9
16247,Ian,13,8
16248,Sophia,9,4
16249,Quinn,9,4
16250,Liam,16,11
16251,Ryan,14,9
16252,Jack,10,5
16253,Mia,13,8
16254,David,9,4
16255,Charlie,12,7
16256,Nathan,14,9
16257,Hannah,16,11
16258,Tom,7,2
16259,George,6,1
16260,Mia,6,1
16261,Emma,10,5
16262,Alice,16,11
16263,Sophia,12,7
16264,Sophia,16,11
16265,David,10,5
16266,Kelly,16,11
16267,Alice,15,10
16268,Hannah,9,4
16269,Ian,14,9
16270,David,11,6
16271,Bob,9,4
16272,Mia,7,2
16273,Olivia,8,3
16274,Nathan,11,6
16275,Tom,11,6
16276,David,16,11
16277,Quinn,9,4
16278,Nathan,12,7
16279,George,7,2
16280,Sophia,9,4
16281,Quinn,10,5
16282,Hannah,15,10
16283,Quinn,12,7
16284,Olivia,7,2
16285,Bob,10,5
16286,Alice,16,11
16287,George,13,8
16288,Bob,6,1
16289,Tom,11,6
16290,Olivia,12,7
16291,Sophia,15,10
16292,Bob,10,5
16293,Quinn,11,6
16294,Nathan,11,6
16295,Jack,16,11
16296,Ian,9,4
16297,Kelly,10,5
16298,Mia,6,1
16299,Hannah,10,5
16300,George,6,1
